celltypebydonor,new_count
Aberrant.BasaloidD239,1
Aberrant.BasaloidD265,1
Aberrant.BasaloidD266,1
Aberrant.BasaloidD288,2
Aberrant.BasaloidD292,1
Aberrant.BasaloidD294,8
Aberrant.BasaloidD314,10
Aberrant.BasaloidD320,1
Aberrant.BasaloidD332,20
Aberrant.BasaloidD347,1
Aberrant.BasaloidD357,1
Aberrant.BasaloidD366,43
Aberrant.BasaloidUCSDX13,17
Aberrant.BasaloidUCSDX14,4
Aberrant.BasaloidUCSDX15,11
Aberrant.BasaloidUCSDX18,4
Aberrant.BasaloidUCSDX21,2
Aberrant.BasaloidUCSDX24,5
Aberrant.BasaloidUCSDX28,6
Aberrant.BasaloidUCSDX29,13
Aberrant.BasaloidUCSDX3,1
Aberrant.BasaloidUCSDX30,20
Aberrant.BasaloidUCSDX31,5
Aberrant.BasaloidUCSDX33,10
Aberrant.BasaloidUCSDX35,17
Aberrant.BasaloidUCSDX36,75
Aberrant.BasaloidUCSDX37,9
Aberrant.BasaloidUCSDX38,41
Aberrant.BasaloidUCSDX39,3
Aberrant.BasaloidUCSDX4,2
Aberrant.BasaloidUCSDX41,83
Aberrant.BasaloidUCSDX42,47
Aberrant.BasaloidUCSDX43,28
Aberrant.BasaloidUCSDX44,18
Aberrant.BasaloidUCSDX47,2
Aberrant.BasaloidUCSDX49,1
Aberrant.BasaloidUCSDX51,1
Aberrant.BasaloidUCSDX53,2
Aberrant.BasaloidUCSDX58,1
Aberrant.BasaloidUCSDX59,5
Aberrant.BasaloidUCSDX6,4
Aberrant.BasaloidUCSDX61,35
Aberrant.BasaloidUCSDX64,118
Aberrant.BasaloidUCSDX69,15
Aberrant.BasaloidUCSDX7,1
Aberrant.BasaloidUCSDX76,13
Aberrant.BasaloidUCSDX78,6
Aberrant.BasaloidUCSDX8,1
Aberrant.BasaloidUCSDX9,35
AECD042,58
AECD071,1
AECD116,2
AECD122,45
AECD123,30
AECD176,76
AECD231,45
AECD239,7
AECD260,15
AECD265,168
AECD266,52
AECD283,2
AECD288,23
AECD291,5
AECD292,90
AECD294,71
AECD306,214
AECD312,46
AECD314,22
AECD315,9
AECD320,17
AECD332,11
AECD335,11
AECD339,187
AECD347,72
AECD355,62
AECD356,7
AECD357,4
AECD366,18
AECD369,21
AECD370,45
AECD376,9
AECD381,25
AECUCSDX10,1
AECUCSDX11,14
AECUCSDX13,11
AECUCSDX14,2
AECUCSDX15,29
AECUCSDX16,23
AECUCSDX18,31
AECUCSDX19,56
AECUCSDX2,3
AECUCSDX21,3
AECUCSDX23,15
AECUCSDX24,7
AECUCSDX25,41
AECUCSDX27,1
AECUCSDX28,30
AECUCSDX29,18
AECUCSDX3,5
AECUCSDX30,20
AECUCSDX31,15
AECUCSDX33,10
AECUCSDX35,3
AECUCSDX36,3
AECUCSDX37,5
AECUCSDX38,87
AECUCSDX39,4
AECUCSDX4,5
AECUCSDX40,33
AECUCSDX41,4
AECUCSDX42,74
AECUCSDX43,39
AECUCSDX44,47
AECUCSDX49,1
AECUCSDX50,36
AECUCSDX51,18
AECUCSDX53,21
AECUCSDX58,3
AECUCSDX59,34
AECUCSDX6,5
AECUCSDX61,17
AECUCSDX62,48
AECUCSDX63,65
AECUCSDX64,34
AECUCSDX69,57
AECUCSDX7,27
AECUCSDX72,51
AECUCSDX76,41
AECUCSDX77,18
AECUCSDX78,49
AECUCSDX8,2
AECUCSDX9,18
AF1D042,38
AF1D071,15
AF1D116,14
AF1D122,20
AF1D123,35
AF1D176,45
AF1D231,40
AF1D239,25
AF1D260,30
AF1D265,58
AF1D266,41
AF1D271,13
AF1D283,14
AF1D288,29
AF1D291,9
AF1D292,27
AF1D294,20
AF1D305,3
AF1D306,174
AF1D311,1
AF1D312,29
AF1D314,32
AF1D315,13
AF1D320,39
AF1D332,23
AF1D335,15
AF1D339,67
AF1D347,41
AF1D355,47
AF1D356,32
AF1D357,25
AF1D366,20
AF1D369,36
AF1D370,46
AF1D371,11
AF1D376,21
AF1D381,28
AF1UCSDX10,3
AF1UCSDX11,30
AF1UCSDX13,37
AF1UCSDX14,13
AF1UCSDX15,44
AF1UCSDX16,45
AF1UCSDX18,36
AF1UCSDX19,54
AF1UCSDX2,20
AF1UCSDX20,1
AF1UCSDX21,18
AF1UCSDX23,25
AF1UCSDX24,32
AF1UCSDX25,43
AF1UCSDX27,3
AF1UCSDX28,37
AF1UCSDX29,29
AF1UCSDX3,11
AF1UCSDX30,27
AF1UCSDX31,30
AF1UCSDX33,35
AF1UCSDX35,20
AF1UCSDX36,26
AF1UCSDX37,16
AF1UCSDX38,49
AF1UCSDX39,23
AF1UCSDX4,23
AF1UCSDX40,50
AF1UCSDX41,18
AF1UCSDX42,52
AF1UCSDX43,42
AF1UCSDX44,46
AF1UCSDX46,2
AF1UCSDX47,6
AF1UCSDX49,1
AF1UCSDX50,39
AF1UCSDX51,40
AF1UCSDX52,9
AF1UCSDX53,34
AF1UCSDX58,30
AF1UCSDX59,42
AF1UCSDX6,26
AF1UCSDX61,34
AF1UCSDX62,35
AF1UCSDX63,38
AF1UCSDX64,35
AF1UCSDX69,44
AF1UCSDX7,42
AF1UCSDX72,46
AF1UCSDX76,38
AF1UCSDX77,41
AF1UCSDX78,42
AF1UCSDX8,3
AF1UCSDX9,31
AF2D042,46
AF2D071,2
AF2D116,1
AF2D122,3
AF2D123,8
AF2D176,37
AF2D231,16
AF2D239,16
AF2D260,3
AF2D265,434
AF2D266,18
AF2D283,18
AF2D288,19
AF2D291,4
AF2D292,1
AF2D294,10
AF2D306,44
AF2D311,1
AF2D312,13
AF2D314,17
AF2D315,3
AF2D320,33
AF2D332,26
AF2D335,1
AF2D339,179
AF2D347,57
AF2D355,30
AF2D356,59
AF2D357,43
AF2D366,1
AF2D369,15
AF2D370,30
AF2D381,27
AF2UCSDX10,3
AF2UCSDX11,15
AF2UCSDX13,65
AF2UCSDX14,3
AF2UCSDX15,51
AF2UCSDX16,7
AF2UCSDX18,37
AF2UCSDX19,56
AF2UCSDX2,5
AF2UCSDX21,4
AF2UCSDX23,11
AF2UCSDX24,14
AF2UCSDX25,1
AF2UCSDX28,54
AF2UCSDX29,42
AF2UCSDX30,11
AF2UCSDX31,34
AF2UCSDX33,22
AF2UCSDX36,52
AF2UCSDX37,5
AF2UCSDX38,56
AF2UCSDX39,10
AF2UCSDX4,2
AF2UCSDX40,54
AF2UCSDX41,14
AF2UCSDX42,259
AF2UCSDX43,45
AF2UCSDX44,55
AF2UCSDX47,1
AF2UCSDX50,38
AF2UCSDX51,42
AF2UCSDX53,48
AF2UCSDX58,11
AF2UCSDX59,25
AF2UCSDX6,4
AF2UCSDX61,51
AF2UCSDX62,42
AF2UCSDX63,16
AF2UCSDX64,42
AF2UCSDX69,45
AF2UCSDX7,45
AF2UCSDX72,32
AF2UCSDX76,40
AF2UCSDX77,19
AF2UCSDX78,56
AF2UCSDX9,1
AMD042,27
AMD071,15
AMD116,16
AMD122,42
AMD123,22
AMD176,34
AMD231,43
AMD239,24
AMD260,29
AMD265,31
AMD266,34
AMD271,15
AMD283,2
AMD288,47
AMD291,26
AMD292,49
AMD294,42
AMD305,3
AMD306,51
AMD311,1
AMD312,29
AMD314,37
AMD315,64
AMD320,24
AMD332,40
AMD335,20
AMD339,31
AMD347,29
AMD351,16
AMD355,52
AMD356,15
AMD357,32
AMD366,57
AMD369,30
AMD370,37
AMD371,1
AMD376,43
AMD381,20
AMUCSDX10,9
AMUCSDX11,19
AMUCSDX13,23
AMUCSDX14,27
AMUCSDX15,29
AMUCSDX16,32
AMUCSDX18,25
AMUCSDX19,35
AMUCSDX2,20
AMUCSDX20,13
AMUCSDX21,10
AMUCSDX23,25
AMUCSDX24,19
AMUCSDX25,47
AMUCSDX27,6
AMUCSDX28,24
AMUCSDX29,57
AMUCSDX3,11
AMUCSDX30,44
AMUCSDX31,25
AMUCSDX33,38
AMUCSDX35,43
AMUCSDX36,59
AMUCSDX37,37
AMUCSDX38,28
AMUCSDX39,28
AMUCSDX4,23
AMUCSDX40,33
AMUCSDX41,58
AMUCSDX42,38
AMUCSDX43,30
AMUCSDX44,34
AMUCSDX46,16
AMUCSDX47,12
AMUCSDX49,8
AMUCSDX50,21
AMUCSDX51,30
AMUCSDX52,12
AMUCSDX53,16
AMUCSDX58,17
AMUCSDX59,30
AMUCSDX6,21
AMUCSDX61,36
AMUCSDX62,18
AMUCSDX63,30
AMUCSDX64,44
AMUCSDX69,35
AMUCSDX7,30
AMUCSDX72,34
AMUCSDX76,28
AMUCSDX77,38
AMUCSDX78,28
AMUCSDX8,16
AMUCSDX9,172
ASMCD042,5
ASMCD176,7
ASMCD231,11
ASMCD239,1
ASMCD260,3
ASMCD265,2
ASMCD266,4
ASMCD288,3
ASMCD291,2
ASMCD292,1
ASMCD294,1
ASMCD306,31
ASMCD312,3
ASMCD314,4
ASMCD320,3
ASMCD332,1
ASMCD339,5
ASMCD347,7
ASMCD355,8
ASMCD357,1
ASMCD366,1
ASMCD370,9
ASMCUCSDX11,1
ASMCUCSDX13,4
ASMCUCSDX15,21
ASMCUCSDX16,2
ASMCUCSDX18,5
ASMCUCSDX19,2
ASMCUCSDX21,1
ASMCUCSDX23,1
ASMCUCSDX24,4
ASMCUCSDX25,2
ASMCUCSDX31,1
ASMCUCSDX33,3
ASMCUCSDX35,2
ASMCUCSDX37,2
ASMCUCSDX38,13
ASMCUCSDX39,1
ASMCUCSDX40,3
ASMCUCSDX41,1
ASMCUCSDX42,2
ASMCUCSDX43,2
ASMCUCSDX44,4
ASMCUCSDX50,5
ASMCUCSDX51,1
ASMCUCSDX53,1
ASMCUCSDX58,4
ASMCUCSDX59,10
ASMCUCSDX6,12
ASMCUCSDX61,16
ASMCUCSDX62,3
ASMCUCSDX63,4
ASMCUCSDX64,24
ASMCUCSDX69,21
ASMCUCSDX7,1
ASMCUCSDX72,4
ASMCUCSDX76,21
ASMCUCSDX77,3
ASMCUCSDX78,13
AT.transD042,29
AT.transD071,25
AT.transD116,22
AT.transD122,35
AT.transD123,22
AT.transD176,28
AT.transD231,31
AT.transD239,38
AT.transD260,24
AT.transD265,59
AT.transD266,24
AT.transD271,8
AT.transD283,22
AT.transD288,41
AT.transD291,38
AT.transD292,37
AT.transD294,41
AT.transD305,3
AT.transD306,37
AT.transD311,9
AT.transD312,29
AT.transD314,52
AT.transD315,28
AT.transD320,26
AT.transD332,35
AT.transD335,36
AT.transD339,150
AT.transD347,48
AT.transD351,15
AT.transD355,35
AT.transD356,30
AT.transD357,39
AT.transD366,38
AT.transD369,29
AT.transD370,25
AT.transD371,5
AT.transD376,39
AT.transD381,28
AT.transUCSDX10,20
AT.transUCSDX11,12
AT.transUCSDX13,30
AT.transUCSDX14,45
AT.transUCSDX15,27
AT.transUCSDX16,24
AT.transUCSDX18,23
AT.transUCSDX19,53
AT.transUCSDX2,37
AT.transUCSDX20,7
AT.transUCSDX21,23
AT.transUCSDX23,20
AT.transUCSDX24,17
AT.transUCSDX25,34
AT.transUCSDX28,54
AT.transUCSDX29,26
AT.transUCSDX3,24
AT.transUCSDX30,26
AT.transUCSDX31,18
AT.transUCSDX33,28
AT.transUCSDX35,45
AT.transUCSDX36,37
AT.transUCSDX37,29
AT.transUCSDX38,38
AT.transUCSDX39,18
AT.transUCSDX4,28
AT.transUCSDX40,48
AT.transUCSDX41,37
AT.transUCSDX42,35
AT.transUCSDX43,37
AT.transUCSDX44,33
AT.transUCSDX46,15
AT.transUCSDX47,14
AT.transUCSDX49,15
AT.transUCSDX50,43
AT.transUCSDX51,46
AT.transUCSDX52,12
AT.transUCSDX53,35
AT.transUCSDX58,33
AT.transUCSDX59,19
AT.transUCSDX6,17
AT.transUCSDX61,19
AT.transUCSDX62,20
AT.transUCSDX63,24
AT.transUCSDX64,34
AT.transUCSDX69,25
AT.transUCSDX7,55
AT.transUCSDX72,25
AT.transUCSDX76,22
AT.transUCSDX77,22
AT.transUCSDX78,24
AT.transUCSDX8,11
AT.transUCSDX9,47
AT0D042,1
AT0D071,3
AT0D116,4
AT0D122,9
AT0D123,10
AT0D176,4
AT0D231,30
AT0D239,49
AT0D260,2
AT0D265,106
AT0D266,1
AT0D271,2
AT0D283,3
AT0D288,91
AT0D291,24
AT0D292,12
AT0D294,41
AT0D305,4
AT0D306,9
AT0D311,2
AT0D312,4
AT0D314,46
AT0D315,75
AT0D320,5
AT0D332,85
AT0D335,6
AT0D339,103
AT0D347,166
AT0D351,4
AT0D355,8
AT0D356,10
AT0D357,12
AT0D366,63
AT0D369,1
AT0D370,3
AT0D371,1
AT0D376,16
AT0D381,13
AT0UCSDX10,3
AT0UCSDX13,32
AT0UCSDX14,182
AT0UCSDX15,8
AT0UCSDX18,2
AT0UCSDX19,129
AT0UCSDX2,55
AT0UCSDX21,2
AT0UCSDX24,28
AT0UCSDX25,24
AT0UCSDX27,1
AT0UCSDX28,30
AT0UCSDX29,44
AT0UCSDX3,9
AT0UCSDX30,24
AT0UCSDX31,10
AT0UCSDX33,3
AT0UCSDX35,75
AT0UCSDX36,36
AT0UCSDX37,143
AT0UCSDX38,22
AT0UCSDX39,2
AT0UCSDX4,12
AT0UCSDX40,41
AT0UCSDX41,13
AT0UCSDX42,21
AT0UCSDX43,10
AT0UCSDX44,80
AT0UCSDX46,1
AT0UCSDX47,3
AT0UCSDX49,1
AT0UCSDX50,9
AT0UCSDX51,42
AT0UCSDX53,36
AT0UCSDX58,6
AT0UCSDX59,2
AT0UCSDX6,5
AT0UCSDX61,3
AT0UCSDX62,3
AT0UCSDX63,1
AT0UCSDX64,11
AT0UCSDX69,6
AT0UCSDX7,54
AT0UCSDX76,3
AT0UCSDX77,2
AT0UCSDX78,8
AT0UCSDX8,2
AT0UCSDX9,35
AT1D042,55
AT1D071,53
AT1D116,46
AT1D122,70
AT1D123,41
AT1D176,54
AT1D231,62
AT1D239,55
AT1D260,46
AT1D265,169
AT1D266,44
AT1D271,23
AT1D283,31
AT1D288,78
AT1D291,63
AT1D292,69
AT1D294,77
AT1D305,22
AT1D306,85
AT1D311,30
AT1D312,42
AT1D314,78
AT1D315,61
AT1D320,50
AT1D332,47
AT1D335,53
AT1D339,101
AT1D347,86
AT1D351,28
AT1D355,60
AT1D356,43
AT1D357,57
AT1D366,71
AT1D369,57
AT1D370,54
AT1D371,7
AT1D376,49
AT1D381,44
AT1UCSDX10,29
AT1UCSDX11,39
AT1UCSDX13,43
AT1UCSDX14,83
AT1UCSDX15,38
AT1UCSDX16,41
AT1UCSDX18,34
AT1UCSDX19,92
AT1UCSDX2,55
AT1UCSDX20,28
AT1UCSDX21,32
AT1UCSDX23,38
AT1UCSDX24,31
AT1UCSDX25,54
AT1UCSDX27,7
AT1UCSDX28,69
AT1UCSDX29,46
AT1UCSDX3,29
AT1UCSDX30,42
AT1UCSDX31,31
AT1UCSDX33,46
AT1UCSDX35,70
AT1UCSDX36,54
AT1UCSDX37,47
AT1UCSDX38,64
AT1UCSDX39,32
AT1UCSDX4,39
AT1UCSDX40,93
AT1UCSDX41,46
AT1UCSDX42,56
AT1UCSDX43,55
AT1UCSDX44,43
AT1UCSDX46,34
AT1UCSDX47,36
AT1UCSDX49,35
AT1UCSDX50,59
AT1UCSDX51,64
AT1UCSDX52,37
AT1UCSDX53,56
AT1UCSDX58,63
AT1UCSDX59,38
AT1UCSDX6,36
AT1UCSDX61,35
AT1UCSDX62,40
AT1UCSDX63,47
AT1UCSDX64,46
AT1UCSDX69,49
AT1UCSDX7,77
AT1UCSDX72,52
AT1UCSDX76,39
AT1UCSDX77,44
AT1UCSDX78,36
AT1UCSDX8,27
AT1UCSDX9,73
AT2.pD042,8
AT2.pD071,1
AT2.pD116,2
AT2.pD122,11
AT2.pD123,1
AT2.pD176,5
AT2.pD231,27
AT2.pD239,6
AT2.pD260,7
AT2.pD265,18
AT2.pD266,3
AT2.pD271,3
AT2.pD283,2
AT2.pD288,27
AT2.pD291,10
AT2.pD292,22
AT2.pD294,25
AT2.pD305,1
AT2.pD306,19
AT2.pD311,1
AT2.pD312,1
AT2.pD314,24
AT2.pD315,29
AT2.pD320,12
AT2.pD332,13
AT2.pD339,27
AT2.pD347,29
AT2.pD355,15
AT2.pD356,2
AT2.pD357,4
AT2.pD366,24
AT2.pD369,5
AT2.pD370,11
AT2.pD376,10
AT2.pD381,5
AT2.pUCSDX10,3
AT2.pUCSDX11,3
AT2.pUCSDX13,13
AT2.pUCSDX14,36
AT2.pUCSDX15,7
AT2.pUCSDX16,2
AT2.pUCSDX18,3
AT2.pUCSDX19,27
AT2.pUCSDX2,7
AT2.pUCSDX21,1
AT2.pUCSDX23,4
AT2.pUCSDX24,4
AT2.pUCSDX25,26
AT2.pUCSDX27,1
AT2.pUCSDX28,12
AT2.pUCSDX29,20
AT2.pUCSDX3,5
AT2.pUCSDX30,9
AT2.pUCSDX31,2
AT2.pUCSDX33,9
AT2.pUCSDX35,29
AT2.pUCSDX36,12
AT2.pUCSDX37,18
AT2.pUCSDX38,8
AT2.pUCSDX39,1
AT2.pUCSDX4,5
AT2.pUCSDX40,15
AT2.pUCSDX41,10
AT2.pUCSDX42,12
AT2.pUCSDX43,9
AT2.pUCSDX44,8
AT2.pUCSDX46,1
AT2.pUCSDX47,1
AT2.pUCSDX49,1
AT2.pUCSDX50,5
AT2.pUCSDX51,10
AT2.pUCSDX52,1
AT2.pUCSDX53,7
AT2.pUCSDX58,1
AT2.pUCSDX59,2
AT2.pUCSDX6,3
AT2.pUCSDX61,4
AT2.pUCSDX62,7
AT2.pUCSDX63,3
AT2.pUCSDX64,16
AT2.pUCSDX69,9
AT2.pUCSDX7,26
AT2.pUCSDX72,1
AT2.pUCSDX76,7
AT2.pUCSDX77,5
AT2.pUCSDX78,3
AT2.pUCSDX8,1
AT2.pUCSDX9,24
AT2D042,68
AT2D071,53
AT2D116,51
AT2D122,97
AT2D123,48
AT2D176,66
AT2D231,88
AT2D239,73
AT2D260,65
AT2D265,116
AT2D266,58
AT2D271,39
AT2D283,32
AT2D288,112
AT2D291,93
AT2D292,110
AT2D294,122
AT2D305,25
AT2D306,800
AT2D311,32
AT2D312,55
AT2D314,109
AT2D315,116
AT2D320,79
AT2D332,74
AT2D335,47
AT2D339,130
AT2D347,118
AT2D351,27
AT2D355,101
AT2D356,51
AT2D357,65
AT2D366,113
AT2D369,72
AT2D370,87
AT2D371,20
AT2D376,92
AT2D381,57
AT2UCSDX10,40
AT2UCSDX11,46
AT2UCSDX13,73
AT2UCSDX14,112
AT2UCSDX15,66
AT2UCSDX16,55
AT2UCSDX18,56
AT2UCSDX19,118
AT2UCSDX2,83
AT2UCSDX20,35
AT2UCSDX21,38
AT2UCSDX23,54
AT2UCSDX24,51
AT2UCSDX25,119
AT2UCSDX27,13
AT2UCSDX28,96
AT2UCSDX29,90
AT2UCSDX3,51
AT2UCSDX30,69
AT2UCSDX31,55
AT2UCSDX33,76
AT2UCSDX35,119
AT2UCSDX36,100
AT2UCSDX37,83
AT2UCSDX38,75
AT2UCSDX39,50
AT2UCSDX4,63
AT2UCSDX40,99
AT2UCSDX41,78
AT2UCSDX42,91
AT2UCSDX43,79
AT2UCSDX44,72
AT2UCSDX46,36
AT2UCSDX47,42
AT2UCSDX49,37
AT2UCSDX50,63
AT2UCSDX51,108
AT2UCSDX52,44
AT2UCSDX53,79
AT2UCSDX58,60
AT2UCSDX59,58
AT2UCSDX6,56
AT2UCSDX61,55
AT2UCSDX62,67
AT2UCSDX63,62
AT2UCSDX64,77
AT2UCSDX69,78
AT2UCSDX7,108
AT2UCSDX72,64
AT2UCSDX76,59
AT2UCSDX77,66
AT2UCSDX78,60
AT2UCSDX8,38
AT2UCSDX9,116
B.CellsD116,2
B.CellsD122,12
B.CellsD123,6
B.CellsD231,8
B.CellsD239,1
B.CellsD260,2
B.CellsD265,13
B.CellsD266,4
B.CellsD271,1
B.CellsD283,4
B.CellsD288,12
B.CellsD292,18
B.CellsD294,25
B.CellsD306,28
B.CellsD312,3
B.CellsD314,3
B.CellsD320,2
B.CellsD332,5
B.CellsD335,1
B.CellsD339,2
B.CellsD347,8
B.CellsD355,8
B.CellsD356,3
B.CellsD366,132
B.CellsD369,4
B.CellsD370,1
B.CellsD371,1
B.CellsD376,1
B.CellsD381,1
B.CellsUCSDX10,1
B.CellsUCSDX11,4
B.CellsUCSDX13,56
B.CellsUCSDX14,1
B.CellsUCSDX15,7
B.CellsUCSDX18,1
B.CellsUCSDX19,28
B.CellsUCSDX2,23
B.CellsUCSDX21,5
B.CellsUCSDX23,4
B.CellsUCSDX24,14
B.CellsUCSDX25,8
B.CellsUCSDX28,11
B.CellsUCSDX29,6
B.CellsUCSDX3,1
B.CellsUCSDX30,26
B.CellsUCSDX31,1
B.CellsUCSDX33,2
B.CellsUCSDX35,3
B.CellsUCSDX36,8
B.CellsUCSDX37,1
B.CellsUCSDX38,53
B.CellsUCSDX39,6
B.CellsUCSDX4,32
B.CellsUCSDX40,11
B.CellsUCSDX41,5
B.CellsUCSDX42,255
B.CellsUCSDX43,10
B.CellsUCSDX44,44
B.CellsUCSDX50,6
B.CellsUCSDX51,5
B.CellsUCSDX53,49
B.CellsUCSDX58,14
B.CellsUCSDX59,2
B.CellsUCSDX6,7
B.CellsUCSDX61,22
B.CellsUCSDX62,1
B.CellsUCSDX63,22
B.CellsUCSDX64,7
B.CellsUCSDX69,26
B.CellsUCSDX7,7
B.CellsUCSDX76,10
B.CellsUCSDX77,3
B.CellsUCSDX78,1
B.CellsUCSDX8,1
BasalD042,21
BasalD071,2
BasalD116,1
BasalD122,11
BasalD123,3
BasalD176,23
BasalD231,17
BasalD260,1
BasalD265,9
BasalD271,4
BasalD283,3
BasalD288,3
BasalD291,2
BasalD292,18
BasalD294,18
BasalD306,42
BasalD311,1
BasalD312,7
BasalD314,14
BasalD315,6
BasalD320,4
BasalD332,7
BasalD335,9
BasalD339,15
BasalD347,4
BasalD355,15
BasalD356,4
BasalD357,3
BasalD366,4
BasalD369,1
BasalD370,2
BasalD371,1
BasalD376,6
BasalD381,4
BasalUCSDX10,5
BasalUCSDX11,2
BasalUCSDX13,55
BasalUCSDX14,57
BasalUCSDX15,50
BasalUCSDX16,1
BasalUCSDX18,32
BasalUCSDX19,16
BasalUCSDX2,2
BasalUCSDX21,2
BasalUCSDX24,43
BasalUCSDX25,5
BasalUCSDX27,1
BasalUCSDX28,12
BasalUCSDX29,10
BasalUCSDX3,18
BasalUCSDX30,12
BasalUCSDX31,11
BasalUCSDX33,5
BasalUCSDX35,29
BasalUCSDX36,13
BasalUCSDX37,5
BasalUCSDX38,26
BasalUCSDX39,1
BasalUCSDX4,39
BasalUCSDX40,37
BasalUCSDX41,11
BasalUCSDX42,82
BasalUCSDX43,6
BasalUCSDX44,87
BasalUCSDX49,1
BasalUCSDX50,9
BasalUCSDX53,14
BasalUCSDX58,9
BasalUCSDX59,4
BasalUCSDX6,20
BasalUCSDX61,6
BasalUCSDX62,2
BasalUCSDX64,20
BasalUCSDX69,41
BasalUCSDX7,2
BasalUCSDX76,60
BasalUCSDX77,1
BasalUCSDX78,19
BasalUCSDX8,2
BasalUCSDX9,36
CAP1D042,34
CAP1D071,17
CAP1D116,10
CAP1D122,50
CAP1D123,38
CAP1D176,37
CAP1D231,44
CAP1D239,31
CAP1D260,33
CAP1D265,55
CAP1D266,43
CAP1D271,1
CAP1D283,19
CAP1D288,38
CAP1D291,17
CAP1D292,46
CAP1D294,38
CAP1D306,246
CAP1D311,1
CAP1D312,48
CAP1D314,39
CAP1D315,23
CAP1D320,25
CAP1D332,28
CAP1D335,15
CAP1D339,58
CAP1D347,44
CAP1D351,1
CAP1D355,53
CAP1D356,27
CAP1D357,34
CAP1D366,23
CAP1D369,39
CAP1D370,45
CAP1D371,6
CAP1D376,32
CAP1D381,45
CAP1UCSDX11,30
CAP1UCSDX13,13
CAP1UCSDX14,5
CAP1UCSDX15,22
CAP1UCSDX16,31
CAP1UCSDX18,20
CAP1UCSDX19,52
CAP1UCSDX2,11
CAP1UCSDX20,1
CAP1UCSDX21,23
CAP1UCSDX23,41
CAP1UCSDX24,21
CAP1UCSDX25,37
CAP1UCSDX28,49
CAP1UCSDX29,28
CAP1UCSDX3,2
CAP1UCSDX30,25
CAP1UCSDX31,18
CAP1UCSDX33,33
CAP1UCSDX35,20
CAP1UCSDX36,11
CAP1UCSDX37,4
CAP1UCSDX38,55
CAP1UCSDX39,24
CAP1UCSDX4,27
CAP1UCSDX40,46
CAP1UCSDX41,9
CAP1UCSDX42,46
CAP1UCSDX43,50
CAP1UCSDX44,35
CAP1UCSDX46,2
CAP1UCSDX47,1
CAP1UCSDX50,40
CAP1UCSDX51,30
CAP1UCSDX52,2
CAP1UCSDX53,34
CAP1UCSDX58,38
CAP1UCSDX59,36
CAP1UCSDX6,21
CAP1UCSDX61,26
CAP1UCSDX62,42
CAP1UCSDX63,42
CAP1UCSDX64,35
CAP1UCSDX69,33
CAP1UCSDX7,63
CAP1UCSDX72,40
CAP1UCSDX76,30
CAP1UCSDX77,21
CAP1UCSDX78,25
CAP1UCSDX8,6
CAP1UCSDX9,29
CAP2D042,40
CAP2D071,9
CAP2D116,3
CAP2D122,41
CAP2D123,35
CAP2D176,56
CAP2D231,44
CAP2D239,37
CAP2D260,11
CAP2D265,153
CAP2D266,42
CAP2D271,1
CAP2D283,2
CAP2D288,37
CAP2D291,10
CAP2D292,39
CAP2D294,22
CAP2D306,502
CAP2D312,57
CAP2D314,23
CAP2D315,9
CAP2D320,8
CAP2D332,6
CAP2D335,12
CAP2D339,72
CAP2D347,58
CAP2D351,1
CAP2D355,36
CAP2D356,22
CAP2D357,40
CAP2D366,11
CAP2D369,33
CAP2D370,52
CAP2D371,6
CAP2D376,5
CAP2D381,20
CAP2UCSDX11,13
CAP2UCSDX13,2
CAP2UCSDX14,2
CAP2UCSDX15,1
CAP2UCSDX16,35
CAP2UCSDX18,28
CAP2UCSDX19,55
CAP2UCSDX2,14
CAP2UCSDX20,2
CAP2UCSDX21,19
CAP2UCSDX23,27
CAP2UCSDX24,24
CAP2UCSDX25,11
CAP2UCSDX28,57
CAP2UCSDX29,5
CAP2UCSDX3,1
CAP2UCSDX30,11
CAP2UCSDX31,7
CAP2UCSDX33,34
CAP2UCSDX35,5
CAP2UCSDX37,2
CAP2UCSDX38,69
CAP2UCSDX39,25
CAP2UCSDX4,10
CAP2UCSDX40,41
CAP2UCSDX42,50
CAP2UCSDX43,40
CAP2UCSDX44,44
CAP2UCSDX49,2
CAP2UCSDX50,42
CAP2UCSDX51,19
CAP2UCSDX52,4
CAP2UCSDX53,42
CAP2UCSDX58,58
CAP2UCSDX59,33
CAP2UCSDX6,9
CAP2UCSDX61,40
CAP2UCSDX62,37
CAP2UCSDX63,41
CAP2UCSDX64,34
CAP2UCSDX69,44
CAP2UCSDX7,47
CAP2UCSDX72,46
CAP2UCSDX76,39
CAP2UCSDX77,10
CAP2UCSDX78,8
CAP2UCSDX8,2
CAP2UCSDX9,17
ClubD042,22
ClubD071,4
ClubD116,1
ClubD122,31
ClubD123,3
ClubD176,7
ClubD231,6
ClubD239,2
ClubD260,5
ClubD265,4
ClubD266,1
ClubD271,6
ClubD283,6
ClubD288,9
ClubD291,9
ClubD292,11
ClubD294,14
ClubD306,6
ClubD311,3
ClubD312,7
ClubD314,31
ClubD315,10
ClubD320,2
ClubD332,6
ClubD335,15
ClubD339,1
ClubD347,2
ClubD355,5
ClubD356,4
ClubD357,3
ClubD366,7
ClubD369,1
ClubD370,2
ClubD371,1
ClubD376,18
ClubD381,10
ClubUCSDX10,26
ClubUCSDX11,8
ClubUCSDX13,86
ClubUCSDX14,221
ClubUCSDX15,69
ClubUCSDX16,2
ClubUCSDX18,29
ClubUCSDX19,1
ClubUCSDX2,4
ClubUCSDX21,2
ClubUCSDX23,2
ClubUCSDX24,74
ClubUCSDX25,36
ClubUCSDX27,5
ClubUCSDX28,45
ClubUCSDX29,12
ClubUCSDX3,50
ClubUCSDX30,13
ClubUCSDX31,27
ClubUCSDX33,5
ClubUCSDX35,51
ClubUCSDX36,21
ClubUCSDX37,51
ClubUCSDX38,37
ClubUCSDX39,5
ClubUCSDX4,98
ClubUCSDX40,24
ClubUCSDX41,28
ClubUCSDX42,182
ClubUCSDX43,25
ClubUCSDX44,270
ClubUCSDX46,1
ClubUCSDX47,1
ClubUCSDX49,2
ClubUCSDX50,7
ClubUCSDX51,14
ClubUCSDX53,13
ClubUCSDX58,6
ClubUCSDX59,27
ClubUCSDX6,32
ClubUCSDX61,26
ClubUCSDX62,1
ClubUCSDX63,3
ClubUCSDX64,45
ClubUCSDX69,64
ClubUCSDX7,15
ClubUCSDX72,1
ClubUCSDX76,53
ClubUCSDX77,2
ClubUCSDX78,31
ClubUCSDX8,1
ClubUCSDX9,43
DCD042,8
DCD071,1
DCD122,16
DCD123,2
DCD176,3
DCD231,27
DCD239,2
DCD260,3
DCD265,122
DCD266,3
DCD271,4
DCD288,8
DCD291,2
DCD292,5
DCD294,15
DCD306,25
DCD312,9
DCD314,3
DCD315,3
DCD320,7
DCD332,7
DCD335,2
DCD339,54
DCD347,7
DCD355,9
DCD356,13
DCD357,3
DCD366,7
DCD369,4
DCD370,2
DCD376,2
DCD381,1
DCUCSDX10,4
DCUCSDX11,6
DCUCSDX13,98
DCUCSDX14,9
DCUCSDX15,13
DCUCSDX16,5
DCUCSDX18,8
DCUCSDX19,8
DCUCSDX2,33
DCUCSDX21,16
DCUCSDX23,1
DCUCSDX24,29
DCUCSDX25,46
DCUCSDX27,1
DCUCSDX29,11
DCUCSDX3,2
DCUCSDX30,63
DCUCSDX31,31
DCUCSDX33,48
DCUCSDX35,52
DCUCSDX36,24
DCUCSDX37,28
DCUCSDX38,49
DCUCSDX39,7
DCUCSDX4,26
DCUCSDX40,137
DCUCSDX41,18
DCUCSDX42,95
DCUCSDX43,9
DCUCSDX44,63
DCUCSDX49,1
DCUCSDX50,8
DCUCSDX51,14
DCUCSDX53,38
DCUCSDX58,10
DCUCSDX59,7
DCUCSDX6,17
DCUCSDX61,41
DCUCSDX62,6
DCUCSDX63,22
DCUCSDX64,16
DCUCSDX69,41
DCUCSDX7,12
DCUCSDX72,4
DCUCSDX76,29
DCUCSDX77,13
DCUCSDX78,16
DCUCSDX8,4
DCUCSDX9,20
Fibrotic.FBD042,17
Fibrotic.FBD071,1
Fibrotic.FBD122,1
Fibrotic.FBD123,25
Fibrotic.FBD176,4
Fibrotic.FBD231,54
Fibrotic.FBD239,1
Fibrotic.FBD260,9
Fibrotic.FBD265,2
Fibrotic.FBD266,49
Fibrotic.FBD288,2
Fibrotic.FBD292,2
Fibrotic.FBD294,18
Fibrotic.FBD306,18
Fibrotic.FBD312,8
Fibrotic.FBD314,16
Fibrotic.FBD320,40
Fibrotic.FBD332,58
Fibrotic.FBD339,4
Fibrotic.FBD347,13
Fibrotic.FBD355,7
Fibrotic.FBD356,21
Fibrotic.FBD357,12
Fibrotic.FBD366,3
Fibrotic.FBD369,7
Fibrotic.FBD370,8
Fibrotic.FBD381,21
Fibrotic.FBUCSDX11,1
Fibrotic.FBUCSDX13,55
Fibrotic.FBUCSDX14,12
Fibrotic.FBUCSDX15,49
Fibrotic.FBUCSDX16,15
Fibrotic.FBUCSDX18,56
Fibrotic.FBUCSDX19,11
Fibrotic.FBUCSDX2,14
Fibrotic.FBUCSDX21,2
Fibrotic.FBUCSDX23,3
Fibrotic.FBUCSDX24,39
Fibrotic.FBUCSDX28,25
Fibrotic.FBUCSDX29,67
Fibrotic.FBUCSDX3,2
Fibrotic.FBUCSDX30,48
Fibrotic.FBUCSDX31,58
Fibrotic.FBUCSDX33,2
Fibrotic.FBUCSDX35,8
Fibrotic.FBUCSDX36,52
Fibrotic.FBUCSDX37,23
Fibrotic.FBUCSDX38,187
Fibrotic.FBUCSDX39,35
Fibrotic.FBUCSDX4,49
Fibrotic.FBUCSDX40,7
Fibrotic.FBUCSDX41,61
Fibrotic.FBUCSDX42,276
Fibrotic.FBUCSDX43,110
Fibrotic.FBUCSDX44,66
Fibrotic.FBUCSDX50,3
Fibrotic.FBUCSDX51,52
Fibrotic.FBUCSDX53,20
Fibrotic.FBUCSDX59,17
Fibrotic.FBUCSDX6,7
Fibrotic.FBUCSDX61,266
Fibrotic.FBUCSDX62,23
Fibrotic.FBUCSDX63,11
Fibrotic.FBUCSDX64,405
Fibrotic.FBUCSDX69,61
Fibrotic.FBUCSDX7,5
Fibrotic.FBUCSDX72,1
Fibrotic.FBUCSDX76,55
Fibrotic.FBUCSDX77,4
Fibrotic.FBUCSDX78,65
Fibrotic.FBUCSDX8,1
Fibrotic.FBUCSDX9,10
GobletD042,26
GobletD071,5
GobletD116,4
GobletD122,50
GobletD123,4
GobletD176,33
GobletD231,30
GobletD239,2
GobletD260,5
GobletD265,4
GobletD266,2
GobletD271,6
GobletD283,5
GobletD288,36
GobletD291,9
GobletD292,17
GobletD294,39
GobletD306,41
GobletD311,3
GobletD312,14
GobletD314,40
GobletD315,33
GobletD320,1
GobletD332,20
GobletD335,39
GobletD339,37
GobletD347,19
GobletD351,1
GobletD355,14
GobletD356,9
GobletD357,15
GobletD366,30
GobletD369,2
GobletD370,4
GobletD371,3
GobletD376,45
GobletD381,8
GobletUCSDX10,42
GobletUCSDX11,15
GobletUCSDX13,54
GobletUCSDX14,82
GobletUCSDX15,56
GobletUCSDX16,1
GobletUCSDX18,38
GobletUCSDX19,10
GobletUCSDX2,33
GobletUCSDX20,1
GobletUCSDX21,4
GobletUCSDX23,5
GobletUCSDX24,51
GobletUCSDX25,41
GobletUCSDX27,7
GobletUCSDX28,32
GobletUCSDX29,28
GobletUCSDX3,43
GobletUCSDX30,33
GobletUCSDX31,42
GobletUCSDX33,13
GobletUCSDX35,48
GobletUCSDX36,35
GobletUCSDX37,45
GobletUCSDX38,46
GobletUCSDX39,7
GobletUCSDX4,54
GobletUCSDX40,36
GobletUCSDX41,37
GobletUCSDX42,54
GobletUCSDX43,35
GobletUCSDX44,611
GobletUCSDX46,1
GobletUCSDX47,2
GobletUCSDX49,3
GobletUCSDX50,16
GobletUCSDX51,8
GobletUCSDX53,34
GobletUCSDX58,18
GobletUCSDX59,31
GobletUCSDX6,34
GobletUCSDX61,36
GobletUCSDX62,6
GobletUCSDX63,3
GobletUCSDX64,42
GobletUCSDX69,59
GobletUCSDX7,6
GobletUCSDX72,2
GobletUCSDX76,52
GobletUCSDX77,9
GobletUCSDX78,45
GobletUCSDX8,6
GobletUCSDX9,55
IMD042,25
IMD071,3
IMD122,12
IMD123,3
IMD176,7
IMD231,38
IMD260,19
IMD265,43
IMD266,10
IMD283,5
IMD288,7
IMD291,7
IMD292,33
IMD294,15
IMD306,42
IMD311,1
IMD312,19
IMD314,18
IMD315,6
IMD320,33
IMD332,17
IMD335,4
IMD339,54
IMD347,35
IMD355,27
IMD356,33
IMD357,21
IMD366,21
IMD369,35
IMD370,19
IMD376,1
IMD381,10
IMUCSDX10,5
IMUCSDX11,23
IMUCSDX13,43
IMUCSDX14,32
IMUCSDX15,43
IMUCSDX18,28
IMUCSDX19,37
IMUCSDX2,5
IMUCSDX21,21
IMUCSDX23,3
IMUCSDX24,21
IMUCSDX25,59
IMUCSDX27,7
IMUCSDX28,19
IMUCSDX29,488
IMUCSDX3,9
IMUCSDX30,59
IMUCSDX31,34
IMUCSDX33,49
IMUCSDX35,67
IMUCSDX36,57
IMUCSDX37,58
IMUCSDX38,51
IMUCSDX39,34
IMUCSDX4,45
IMUCSDX40,41
IMUCSDX41,59
IMUCSDX42,59
IMUCSDX43,9
IMUCSDX44,61
IMUCSDX50,33
IMUCSDX51,45
IMUCSDX53,29
IMUCSDX58,12
IMUCSDX59,41
IMUCSDX6,34
IMUCSDX61,45
IMUCSDX62,11
IMUCSDX63,38
IMUCSDX64,41
IMUCSDX69,45
IMUCSDX7,37
IMUCSDX72,36
IMUCSDX76,49
IMUCSDX77,35
IMUCSDX78,43
IMUCSDX8,3
IMUCSDX9,38
LECD042,39
LECD071,3
LECD122,19
LECD123,14
LECD176,32
LECD231,13
LECD239,7
LECD260,3
LECD265,223
LECD266,4
LECD271,1
LECD283,4
LECD288,20
LECD291,17
LECD292,15
LECD294,9
LECD306,42
LECD311,3
LECD312,11
LECD314,47
LECD315,4
LECD320,4
LECD332,7
LECD335,3
LECD339,162
LECD347,68
LECD351,1
LECD355,19
LECD356,44
LECD357,8
LECD366,6
LECD369,20
LECD370,10
LECD376,3
LECD381,6
LECUCSDX10,4
LECUCSDX11,9
LECUCSDX13,41
LECUCSDX14,10
LECUCSDX15,29
LECUCSDX16,20
LECUCSDX18,10
LECUCSDX19,255
LECUCSDX2,9
LECUCSDX21,5
LECUCSDX23,9
LECUCSDX24,30
LECUCSDX25,7
LECUCSDX27,2
LECUCSDX28,29
LECUCSDX29,84
LECUCSDX3,1
LECUCSDX30,13
LECUCSDX31,96
LECUCSDX33,12
LECUCSDX35,14
LECUCSDX36,15
LECUCSDX37,7
LECUCSDX38,75
LECUCSDX39,10
LECUCSDX4,8
LECUCSDX40,72
LECUCSDX41,23
LECUCSDX42,93
LECUCSDX43,70
LECUCSDX44,91
LECUCSDX46,1
LECUCSDX47,4
LECUCSDX49,1
LECUCSDX50,45
LECUCSDX51,182
LECUCSDX52,5
LECUCSDX53,71
LECUCSDX58,28
LECUCSDX59,9
LECUCSDX6,17
LECUCSDX61,19
LECUCSDX62,34
LECUCSDX63,7
LECUCSDX64,35
LECUCSDX69,22
LECUCSDX7,125
LECUCSDX72,10
LECUCSDX76,18
LECUCSDX77,11
LECUCSDX78,32
LECUCSDX8,8
LECUCSDX9,30
MastD042,1
MastD071,1
MastD122,2
MastD123,2
MastD231,20
MastD260,8
MastD265,32
MastD266,17
MastD288,5
MastD292,29
MastD294,4
MastD306,13
MastD312,6
MastD314,2
MastD315,1
MastD320,17
MastD332,42
MastD347,1
MastD355,27
MastD356,72
MastD366,7
MastD369,6
MastD370,12
MastUCSDX10,1
MastUCSDX11,20
MastUCSDX13,63
MastUCSDX15,12
MastUCSDX16,5
MastUCSDX18,9
MastUCSDX19,11
MastUCSDX2,10
MastUCSDX23,2
MastUCSDX25,24
MastUCSDX28,9
MastUCSDX29,21
MastUCSDX3,1
MastUCSDX30,25
MastUCSDX31,6
MastUCSDX33,40
MastUCSDX35,4
MastUCSDX36,13
MastUCSDX37,6
MastUCSDX38,5
MastUCSDX39,6
MastUCSDX4,5
MastUCSDX40,50
MastUCSDX41,9
MastUCSDX42,23
MastUCSDX43,24
MastUCSDX44,17
MastUCSDX49,1
MastUCSDX50,5
MastUCSDX51,13
MastUCSDX52,1
MastUCSDX53,4
MastUCSDX58,3
MastUCSDX59,10
MastUCSDX6,16
MastUCSDX61,39
MastUCSDX62,10
MastUCSDX63,13
MastUCSDX64,17
MastUCSDX69,70
MastUCSDX7,3
MastUCSDX72,28
MastUCSDX76,28
MastUCSDX77,23
MastUCSDX78,38
MastUCSDX8,1
MastUCSDX9,4
MesotheliumD071,1
MesotheliumD231,1
MesotheliumD260,2
MesotheliumD265,4
MesotheliumD283,2
MesotheliumD291,1
MesotheliumD292,9
MesotheliumD294,1
MesotheliumD306,6
MesotheliumD314,3
MesotheliumD320,1
MesotheliumD332,1
MesotheliumD335,1
MesotheliumD339,2
MesotheliumD347,1
MesotheliumD355,1
MesotheliumD357,3
MesotheliumD366,2
MesotheliumD369,1
MesotheliumD370,3
MesotheliumD376,3
MesotheliumD381,8
MesotheliumUCSDX13,16
MesotheliumUCSDX15,18
MesotheliumUCSDX18,3
MesotheliumUCSDX19,10
MesotheliumUCSDX2,6
MesotheliumUCSDX20,1
MesotheliumUCSDX21,1
MesotheliumUCSDX23,1
MesotheliumUCSDX24,9
MesotheliumUCSDX25,1
MesotheliumUCSDX28,3
MesotheliumUCSDX3,1
MesotheliumUCSDX30,1
MesotheliumUCSDX31,7
MesotheliumUCSDX33,63
MesotheliumUCSDX35,1
MesotheliumUCSDX36,2
MesotheliumUCSDX40,1
MesotheliumUCSDX41,41
MesotheliumUCSDX42,150
MesotheliumUCSDX50,1
MesotheliumUCSDX51,1
MesotheliumUCSDX53,2
MesotheliumUCSDX59,3
MesotheliumUCSDX6,7
MesotheliumUCSDX63,6
MesotheliumUCSDX64,1
MesotheliumUCSDX7,1
MesotheliumUCSDX72,22
MesotheliumUCSDX76,11
MesotheliumUCSDX77,18
MesotheliumUCSDX78,1
MesotheliumUCSDX9,2
MOND042,5
MOND071,13
MOND116,8
MOND122,62
MOND123,30
MOND176,29
MOND231,36
MOND239,23
MOND260,33
MOND265,95
MOND266,19
MOND271,2
MOND283,1
MOND288,50
MOND291,35
MOND292,37
MOND294,25
MOND306,32
MOND311,2
MOND312,32
MOND314,445
MOND315,7
MOND320,14
MOND332,61
MOND335,3
MOND339,53
MOND347,50
MOND355,29
MOND356,41
MOND357,31
MOND366,43
MOND369,29
MOND370,18
MOND376,5
MOND381,29
MONUCSDX10,3
MONUCSDX11,3
MONUCSDX13,39
MONUCSDX14,20
MONUCSDX15,17
MONUCSDX16,7
MONUCSDX18,13
MONUCSDX19,49
MONUCSDX2,28
MONUCSDX20,1
MONUCSDX21,7
MONUCSDX23,6
MONUCSDX24,22
MONUCSDX25,34
MONUCSDX27,8
MONUCSDX28,45
MONUCSDX29,50
MONUCSDX3,31
MONUCSDX30,42
MONUCSDX31,32
MONUCSDX33,24
MONUCSDX35,43
MONUCSDX36,51
MONUCSDX37,53
MONUCSDX38,44
MONUCSDX39,14
MONUCSDX4,21
MONUCSDX40,57
MONUCSDX41,54
MONUCSDX42,48
MONUCSDX43,21
MONUCSDX44,55
MONUCSDX46,1
MONUCSDX47,1
MONUCSDX49,1
MONUCSDX50,42
MONUCSDX51,53
MONUCSDX52,4
MONUCSDX53,33
MONUCSDX58,30
MONUCSDX59,24
MONUCSDX6,11
MONUCSDX61,12
MONUCSDX62,4
MONUCSDX63,7
MONUCSDX64,23
MONUCSDX69,10
MONUCSDX7,46
MONUCSDX72,7
MONUCSDX76,13
MONUCSDX77,4
MONUCSDX78,22
MONUCSDX8,28
MONUCSDX9,20
MulticiliatedD042,43
MulticiliatedD071,10
MulticiliatedD116,13
MulticiliatedD122,55
MulticiliatedD123,22
MulticiliatedD176,55
MulticiliatedD231,42
MulticiliatedD239,2
MulticiliatedD260,7
MulticiliatedD265,42
MulticiliatedD266,4
MulticiliatedD271,23
MulticiliatedD283,33
MulticiliatedD288,23
MulticiliatedD291,25
MulticiliatedD292,34
MulticiliatedD294,19
MulticiliatedD305,3
MulticiliatedD306,52
MulticiliatedD311,2
MulticiliatedD312,34
MulticiliatedD314,46
MulticiliatedD315,20
MulticiliatedD320,24
MulticiliatedD332,5
MulticiliatedD335,44
MulticiliatedD339,319
MulticiliatedD347,34
MulticiliatedD351,1
MulticiliatedD355,40
MulticiliatedD356,7
MulticiliatedD357,6
MulticiliatedD366,7
MulticiliatedD369,10
MulticiliatedD370,19
MulticiliatedD371,4
MulticiliatedD376,29
MulticiliatedD381,23
MulticiliatedUCSDX10,28
MulticiliatedUCSDX11,37
MulticiliatedUCSDX13,38
MulticiliatedUCSDX14,74
MulticiliatedUCSDX15,44
MulticiliatedUCSDX16,2
MulticiliatedUCSDX18,51
MulticiliatedUCSDX19,27
MulticiliatedUCSDX2,26
MulticiliatedUCSDX21,2
MulticiliatedUCSDX23,23
MulticiliatedUCSDX24,56
MulticiliatedUCSDX25,31
MulticiliatedUCSDX27,10
MulticiliatedUCSDX28,19
MulticiliatedUCSDX29,22
MulticiliatedUCSDX3,34
MulticiliatedUCSDX30,5
MulticiliatedUCSDX31,23
MulticiliatedUCSDX33,22
MulticiliatedUCSDX35,27
MulticiliatedUCSDX36,34
MulticiliatedUCSDX37,32
MulticiliatedUCSDX38,37
MulticiliatedUCSDX39,11
MulticiliatedUCSDX4,48
MulticiliatedUCSDX40,54
MulticiliatedUCSDX41,32
MulticiliatedUCSDX42,72
MulticiliatedUCSDX43,32
MulticiliatedUCSDX44,66
MulticiliatedUCSDX46,2
MulticiliatedUCSDX49,3
MulticiliatedUCSDX50,34
MulticiliatedUCSDX51,15
MulticiliatedUCSDX52,2
MulticiliatedUCSDX53,25
MulticiliatedUCSDX58,39
MulticiliatedUCSDX59,37
MulticiliatedUCSDX6,47
MulticiliatedUCSDX61,25
MulticiliatedUCSDX62,12
MulticiliatedUCSDX63,14
MulticiliatedUCSDX64,62
MulticiliatedUCSDX69,62
MulticiliatedUCSDX7,11
MulticiliatedUCSDX72,5
MulticiliatedUCSDX76,58
MulticiliatedUCSDX77,19
MulticiliatedUCSDX78,45
MulticiliatedUCSDX8,3
MulticiliatedUCSDX9,49
Myeloid.pD042,1
Myeloid.pD122,1
Myeloid.pD176,1
Myeloid.pD231,17
Myeloid.pD266,1
Myeloid.pD292,1
Myeloid.pD306,61
Myeloid.pD370,11
Myeloid.pUCSDX14,1
Myeloid.pUCSDX21,1
Myeloid.pUCSDX23,2
Myeloid.pUCSDX24,1
Myeloid.pUCSDX28,1
Myeloid.pUCSDX29,4
Myeloid.pUCSDX31,2
Myeloid.pUCSDX33,2
Myeloid.pUCSDX37,1
Myeloid.pUCSDX38,2
Myeloid.pUCSDX4,1
Myeloid.pUCSDX40,2
Myeloid.pUCSDX42,4
Myeloid.pUCSDX53,1
Myeloid.pUCSDX59,3
Myeloid.pUCSDX61,1
Myeloid.pUCSDX63,1
Myeloid.pUCSDX64,3
Myeloid.pUCSDX69,7
Myeloid.pUCSDX72,1
Myeloid.pUCSDX76,3
Myeloid.pUCSDX77,3
Myeloid.pUCSDX78,1
Myeloid.pUCSDX9,8
NKD042,1
NKD071,5
NKD116,2
NKD122,40
NKD176,2
NKD231,44
NKD239,1
NKD260,38
NKD265,56
NKD266,40
NKD271,3
NKD283,3
NKD288,47
NKD291,1
NKD292,58
NKD294,48
NKD306,26
NKD312,38
NKD314,46
NKD315,7
NKD320,16
NKD332,45
NKD335,1
NKD339,36
NKD347,56
NKD355,25
NKD356,17
NKD357,5
NKD366,39
NKD369,37
NKD370,22
NKD371,5
NKD376,2
NKD381,7
NKUCSDX10,2
NKUCSDX11,10
NKUCSDX13,51
NKUCSDX14,21
NKUCSDX15,2
NKUCSDX16,6
NKUCSDX18,2
NKUCSDX19,11
NKUCSDX2,41
NKUCSDX20,2
NKUCSDX21,13
NKUCSDX23,21
NKUCSDX24,17
NKUCSDX25,351
NKUCSDX27,3
NKUCSDX28,12
NKUCSDX29,66
NKUCSDX30,369
NKUCSDX31,11
NKUCSDX33,41
NKUCSDX35,8
NKUCSDX36,53
NKUCSDX37,38
NKUCSDX38,65
NKUCSDX39,11
NKUCSDX4,12
NKUCSDX40,176
NKUCSDX41,31
NKUCSDX42,44
NKUCSDX43,37
NKUCSDX44,42
NKUCSDX49,4
NKUCSDX50,14
NKUCSDX51,8
NKUCSDX52,6
NKUCSDX53,40
NKUCSDX58,40
NKUCSDX59,17
NKUCSDX6,23
NKUCSDX61,24
NKUCSDX62,5
NKUCSDX63,11
NKUCSDX64,24
NKUCSDX69,12
NKUCSDX7,48
NKUCSDX72,6
NKUCSDX76,17
NKUCSDX77,4
NKUCSDX78,8
NKUCSDX8,15
NKUCSDX9,47
Peribronchial.FBD042,8
Peribronchial.FBD071,6
Peribronchial.FBD116,1
Peribronchial.FBD122,42
Peribronchial.FBD123,6
Peribronchial.FBD176,10
Peribronchial.FBD231,20
Peribronchial.FBD239,6
Peribronchial.FBD260,10
Peribronchial.FBD265,44
Peribronchial.FBD266,23
Peribronchial.FBD271,1
Peribronchial.FBD283,11
Peribronchial.FBD288,68
Peribronchial.FBD291,41
Peribronchial.FBD292,58
Peribronchial.FBD294,35
Peribronchial.FBD306,187
Peribronchial.FBD312,7
Peribronchial.FBD314,178
Peribronchial.FBD315,13
Peribronchial.FBD320,18
Peribronchial.FBD332,58
Peribronchial.FBD339,69
Peribronchial.FBD347,11
Peribronchial.FBD351,1
Peribronchial.FBD355,51
Peribronchial.FBD356,7
Peribronchial.FBD357,4
Peribronchial.FBD366,25
Peribronchial.FBD369,15
Peribronchial.FBD370,26
Peribronchial.FBD371,2
Peribronchial.FBD376,17
Peribronchial.FBD381,3
Peribronchial.FBUCSDX10,2
Peribronchial.FBUCSDX11,4
Peribronchial.FBUCSDX13,24
Peribronchial.FBUCSDX14,15
Peribronchial.FBUCSDX15,9
Peribronchial.FBUCSDX16,4
Peribronchial.FBUCSDX18,13
Peribronchial.FBUCSDX19,40
Peribronchial.FBUCSDX2,1
Peribronchial.FBUCSDX21,1
Peribronchial.FBUCSDX23,2
Peribronchial.FBUCSDX24,6
Peribronchial.FBUCSDX25,146
Peribronchial.FBUCSDX27,1
Peribronchial.FBUCSDX28,10
Peribronchial.FBUCSDX29,97
Peribronchial.FBUCSDX3,8
Peribronchial.FBUCSDX30,64
Peribronchial.FBUCSDX31,8
Peribronchial.FBUCSDX33,19
Peribronchial.FBUCSDX35,26
Peribronchial.FBUCSDX36,50
Peribronchial.FBUCSDX37,35
Peribronchial.FBUCSDX38,29
Peribronchial.FBUCSDX39,4
Peribronchial.FBUCSDX4,24
Peribronchial.FBUCSDX40,20
Peribronchial.FBUCSDX41,27
Peribronchial.FBUCSDX42,58
Peribronchial.FBUCSDX43,15
Peribronchial.FBUCSDX44,21
Peribronchial.FBUCSDX50,3
Peribronchial.FBUCSDX51,18
Peribronchial.FBUCSDX53,4
Peribronchial.FBUCSDX58,4
Peribronchial.FBUCSDX59,17
Peribronchial.FBUCSDX6,12
Peribronchial.FBUCSDX61,12
Peribronchial.FBUCSDX62,4
Peribronchial.FBUCSDX63,6
Peribronchial.FBUCSDX64,35
Peribronchial.FBUCSDX69,36
Peribronchial.FBUCSDX7,24
Peribronchial.FBUCSDX72,10
Peribronchial.FBUCSDX76,23
Peribronchial.FBUCSDX77,7
Peribronchial.FBUCSDX78,11
Peribronchial.FBUCSDX8,1
Peribronchial.FBUCSDX9,44
PericyteD042,3
PericyteD122,7
PericyteD123,13
PericyteD176,10
PericyteD231,27
PericyteD239,5
PericyteD260,7
PericyteD265,7
PericyteD266,28
PericyteD288,10
PericyteD291,5
PericyteD292,17
PericyteD294,15
PericyteD306,275
PericyteD312,36
PericyteD314,5
PericyteD315,4
PericyteD320,42
PericyteD332,3
PericyteD339,60
PericyteD347,1
PericyteD355,36
PericyteD356,4
PericyteD357,2
PericyteD366,2
PericyteD369,28
PericyteD370,14
PericyteD376,9
PericyteD381,5
PericyteUCSDX11,6
PericyteUCSDX13,4
PericyteUCSDX15,4
PericyteUCSDX16,5
PericyteUCSDX19,21
PericyteUCSDX2,3
PericyteUCSDX21,1
PericyteUCSDX23,14
PericyteUCSDX24,1
PericyteUCSDX25,12
PericyteUCSDX28,10
PericyteUCSDX29,11
PericyteUCSDX30,8
PericyteUCSDX33,8
PericyteUCSDX35,2
PericyteUCSDX36,7
PericyteUCSDX38,19
PericyteUCSDX39,2
PericyteUCSDX4,5
PericyteUCSDX40,5
PericyteUCSDX41,3
PericyteUCSDX42,13
PericyteUCSDX43,10
PericyteUCSDX44,12
PericyteUCSDX50,4
PericyteUCSDX51,3
PericyteUCSDX52,2
PericyteUCSDX53,1
PericyteUCSDX58,8
PericyteUCSDX59,70
PericyteUCSDX6,2
PericyteUCSDX61,42
PericyteUCSDX62,9
PericyteUCSDX63,27
PericyteUCSDX64,30
PericyteUCSDX69,42
PericyteUCSDX7,18
PericyteUCSDX72,50
PericyteUCSDX76,18
PericyteUCSDX77,5
PericyteUCSDX78,7
PericyteUCSDX9,5
PlasmaD071,1
PlasmaD122,7
PlasmaD123,3
PlasmaD231,2
PlasmaD260,4
PlasmaD265,17
PlasmaD266,1
PlasmaD283,1
PlasmaD288,6
PlasmaD291,2
PlasmaD294,7
PlasmaD306,3
PlasmaD312,3
PlasmaD314,4
PlasmaD315,1
PlasmaD320,13
PlasmaD332,11
PlasmaD339,7
PlasmaD347,10
PlasmaD355,5
PlasmaD356,5
PlasmaD357,1
PlasmaD366,8
PlasmaD369,4
PlasmaD370,1
PlasmaUCSDX11,3
PlasmaUCSDX13,60
PlasmaUCSDX14,6
PlasmaUCSDX15,54
PlasmaUCSDX18,5
PlasmaUCSDX19,2
PlasmaUCSDX2,3
PlasmaUCSDX21,19
PlasmaUCSDX23,1
PlasmaUCSDX24,6
PlasmaUCSDX25,97
PlasmaUCSDX28,43
PlasmaUCSDX29,77
PlasmaUCSDX30,49
PlasmaUCSDX31,14
PlasmaUCSDX33,11
PlasmaUCSDX35,10
PlasmaUCSDX36,8
PlasmaUCSDX37,2
PlasmaUCSDX38,19
PlasmaUCSDX4,65
PlasmaUCSDX40,22
PlasmaUCSDX41,2
PlasmaUCSDX42,69
PlasmaUCSDX43,26
PlasmaUCSDX44,108
PlasmaUCSDX46,1
PlasmaUCSDX47,1
PlasmaUCSDX50,4
PlasmaUCSDX51,7
PlasmaUCSDX52,1
PlasmaUCSDX53,15
PlasmaUCSDX58,2
PlasmaUCSDX59,8
PlasmaUCSDX6,6
PlasmaUCSDX61,22
PlasmaUCSDX62,3
PlasmaUCSDX63,38
PlasmaUCSDX64,27
PlasmaUCSDX69,19
PlasmaUCSDX7,13
PlasmaUCSDX76,31
PlasmaUCSDX77,5
PlasmaUCSDX78,3
PlasmaUCSDX9,6
PlateletD042,2
PlateletD071,6
PlateletD122,21
PlateletD123,1
PlateletD176,2
PlateletD231,9
PlateletD239,3
PlateletD260,8
PlateletD265,12
PlateletD266,4
PlateletD283,4
PlateletD288,21
PlateletD291,4
PlateletD292,39
PlateletD294,21
PlateletD306,48
PlateletD312,3
PlateletD314,16
PlateletD315,1
PlateletD320,6
PlateletD332,19
PlateletD335,3
PlateletD339,12
PlateletD347,1
PlateletD355,15
PlateletD357,2
PlateletD366,8
PlateletD369,10
PlateletD370,7
PlateletD371,1
PlateletD376,4
PlateletUCSDX11,3
PlateletUCSDX13,4
PlateletUCSDX15,3
PlateletUCSDX16,1
PlateletUCSDX19,5
PlateletUCSDX23,4
PlateletUCSDX24,5
PlateletUCSDX25,18
PlateletUCSDX28,4
PlateletUCSDX29,22
PlateletUCSDX30,22
PlateletUCSDX31,1
PlateletUCSDX33,16
PlateletUCSDX35,1
PlateletUCSDX36,5
PlateletUCSDX37,3
PlateletUCSDX38,5
PlateletUCSDX39,2
PlateletUCSDX4,6
PlateletUCSDX40,4
PlateletUCSDX41,5
PlateletUCSDX42,8
PlateletUCSDX44,5
PlateletUCSDX50,1
PlateletUCSDX51,3
PlateletUCSDX53,1
PlateletUCSDX58,1
PlateletUCSDX59,3
PlateletUCSDX6,3
PlateletUCSDX61,8
PlateletUCSDX62,1
PlateletUCSDX63,3
PlateletUCSDX64,12
PlateletUCSDX69,17
PlateletUCSDX7,4
PlateletUCSDX72,6
PlateletUCSDX76,6
PlateletUCSDX77,7
PlateletUCSDX78,2
PlateletUCSDX8,2
PlateletUCSDX9,11
PVECD042,26
PVECD071,9
PVECD116,3
PVECD122,38
PVECD123,32
PVECD176,49
PVECD231,21
PVECD239,8
PVECD260,9
PVECD265,143
PVECD266,44
PVECD271,1
PVECD283,3
PVECD288,23
PVECD291,15
PVECD292,16
PVECD294,21
PVECD306,176
PVECD312,69
PVECD314,15
PVECD315,1
PVECD320,7
PVECD332,13
PVECD335,3
PVECD339,151
PVECD347,55
PVECD355,25
PVECD356,8
PVECD357,3
PVECD366,10
PVECD369,14
PVECD370,43
PVECD371,1
PVECD376,6
PVECD381,20
PVECUCSDX11,12
PVECUCSDX13,25
PVECUCSDX14,4
PVECUCSDX15,18
PVECUCSDX16,4
PVECUCSDX18,33
PVECUCSDX19,37
PVECUCSDX2,2
PVECUCSDX21,4
PVECUCSDX23,12
PVECUCSDX24,16
PVECUCSDX25,27
PVECUCSDX28,7
PVECUCSDX29,15
PVECUCSDX30,5
PVECUCSDX31,19
PVECUCSDX33,25
PVECUCSDX35,1
PVECUCSDX36,6
PVECUCSDX37,8
PVECUCSDX38,117
PVECUCSDX39,8
PVECUCSDX4,6
PVECUCSDX40,40
PVECUCSDX41,12
PVECUCSDX42,49
PVECUCSDX43,1
PVECUCSDX44,23
PVECUCSDX46,2
PVECUCSDX49,3
PVECUCSDX50,17
PVECUCSDX51,7
PVECUCSDX52,1
PVECUCSDX53,14
PVECUCSDX58,11
PVECUCSDX59,2
PVECUCSDX6,11
PVECUCSDX61,27
PVECUCSDX62,72
PVECUCSDX63,17
PVECUCSDX64,15
PVECUCSDX69,48
PVECUCSDX7,2
PVECUCSDX72,10
PVECUCSDX76,34
PVECUCSDX77,10
PVECUCSDX78,123
PVECUCSDX8,2
PVECUCSDX9,12
RASD042,33
RASD071,23
RASD116,9
RASD122,42
RASD123,12
RASD176,34
RASD231,32
RASD239,10
RASD260,21
RASD265,38
RASD266,7
RASD271,24
RASD283,18
RASD288,44
RASD291,16
RASD292,34
RASD294,46
RASD305,2
RASD306,46
RASD311,10
RASD312,24
RASD314,40
RASD315,33
RASD320,27
RASD332,26
RASD335,39
RASD339,52
RASD347,41
RASD351,3
RASD355,34
RASD356,11
RASD357,22
RASD366,40
RASD369,16
RASD370,13
RASD371,3
RASD376,43
RASD381,16
RASUCSDX10,29
RASUCSDX11,15
RASUCSDX13,47
RASUCSDX14,54
RASUCSDX15,41
RASUCSDX16,5
RASUCSDX18,35
RASUCSDX19,32
RASUCSDX2,26
RASUCSDX20,5
RASUCSDX21,7
RASUCSDX23,10
RASUCSDX24,39
RASUCSDX25,37
RASUCSDX27,7
RASUCSDX28,30
RASUCSDX29,31
RASUCSDX3,32
RASUCSDX30,34
RASUCSDX31,38
RASUCSDX33,27
RASUCSDX35,43
RASUCSDX36,35
RASUCSDX37,38
RASUCSDX38,45
RASUCSDX39,19
RASUCSDX4,46
RASUCSDX40,46
RASUCSDX41,34
RASUCSDX42,58
RASUCSDX43,22
RASUCSDX44,53
RASUCSDX46,4
RASUCSDX47,6
RASUCSDX49,9
RASUCSDX50,15
RASUCSDX51,21
RASUCSDX52,4
RASUCSDX53,32
RASUCSDX58,35
RASUCSDX59,22
RASUCSDX6,39
RASUCSDX61,26
RASUCSDX62,24
RASUCSDX63,27
RASUCSDX64,44
RASUCSDX69,41
RASUCSDX7,26
RASUCSDX72,3
RASUCSDX76,36
RASUCSDX77,20
RASUCSDX78,37
RASUCSDX8,11
RASUCSDX9,280
SCMFD042,1
SCMFD123,16
SCMFD176,20
SCMFD231,1
SCMFD239,3
SCMFD260,2
SCMFD265,45
SCMFD266,21
SCMFD283,1
SCMFD288,3
SCMFD291,3
SCMFD292,1
SCMFD294,5
SCMFD305,1
SCMFD306,311
SCMFD312,39
SCMFD314,3
SCMFD315,4
SCMFD320,7
SCMFD332,2
SCMFD339,120
SCMFD347,70
SCMFD355,7
SCMFD356,17
SCMFD357,5
SCMFD366,1
SCMFD369,2
SCMFD370,94
SCMFD381,2
SCMFUCSDX11,11
SCMFUCSDX13,4
SCMFUCSDX14,1
SCMFUCSDX15,24
SCMFUCSDX16,5
SCMFUCSDX18,4
SCMFUCSDX19,1
SCMFUCSDX21,3
SCMFUCSDX23,9
SCMFUCSDX24,10
SCMFUCSDX25,2
SCMFUCSDX27,1
SCMFUCSDX28,8
SCMFUCSDX29,6
SCMFUCSDX30,9
SCMFUCSDX31,2
SCMFUCSDX33,57
SCMFUCSDX35,5
SCMFUCSDX36,2
SCMFUCSDX37,5
SCMFUCSDX38,124
SCMFUCSDX39,12
SCMFUCSDX4,7
SCMFUCSDX40,34
SCMFUCSDX42,20
SCMFUCSDX43,3
SCMFUCSDX44,10
SCMFUCSDX49,1
SCMFUCSDX50,4
SCMFUCSDX51,12
SCMFUCSDX53,16
SCMFUCSDX58,51
SCMFUCSDX59,55
SCMFUCSDX6,3
SCMFUCSDX61,33
SCMFUCSDX62,46
SCMFUCSDX63,25
SCMFUCSDX64,27
SCMFUCSDX69,52
SCMFUCSDX7,87
SCMFUCSDX72,3
SCMFUCSDX76,11
SCMFUCSDX77,7
SCMFUCSDX78,29
SCMFUCSDX9,12
SVECD042,7
SVECD071,5
SVECD116,1
SVECD123,2
SVECD176,3
SVECD231,2
SVECD239,3
SVECD260,2
SVECD265,6
SVECD266,4
SVECD283,4
SVECD288,1
SVECD291,2
SVECD292,3
SVECD294,8
SVECD306,15
SVECD312,4
SVECD314,8
SVECD315,1
SVECD320,47
SVECD332,2
SVECD335,1
SVECD339,8
SVECD347,13
SVECD355,7
SVECD356,58
SVECD357,19
SVECD366,3
SVECD369,3
SVECD370,25
SVECD376,1
SVECD381,18
SVECUCSDX11,5
SVECUCSDX13,43
SVECUCSDX15,84
SVECUCSDX16,35
SVECUCSDX18,112
SVECUCSDX19,8
SVECUCSDX2,4
SVECUCSDX21,6
SVECUCSDX23,3
SVECUCSDX24,7
SVECUCSDX25,1
SVECUCSDX27,1
SVECUCSDX28,21
SVECUCSDX29,10
SVECUCSDX3,3
SVECUCSDX30,26
SVECUCSDX31,177
SVECUCSDX33,26
SVECUCSDX36,54
SVECUCSDX37,1
SVECUCSDX38,111
SVECUCSDX39,24
SVECUCSDX4,19
SVECUCSDX40,30
SVECUCSDX41,22
SVECUCSDX42,182
SVECUCSDX43,103
SVECUCSDX44,35
SVECUCSDX46,1
SVECUCSDX50,6
SVECUCSDX51,59
SVECUCSDX52,1
SVECUCSDX53,5
SVECUCSDX58,1
SVECUCSDX59,7
SVECUCSDX6,8
SVECUCSDX61,25
SVECUCSDX62,20
SVECUCSDX63,10
SVECUCSDX64,74
SVECUCSDX69,22
SVECUCSDX7,62
SVECUCSDX72,7
SVECUCSDX76,34
SVECUCSDX77,4
SVECUCSDX78,72
SVECUCSDX9,2
T.CellsD042,9
T.CellsD071,5
T.CellsD116,6
T.CellsD122,28
T.CellsD123,12
T.CellsD176,5
T.CellsD231,38
T.CellsD239,7
T.CellsD260,30
T.CellsD265,47
T.CellsD266,26
T.CellsD271,6
T.CellsD283,16
T.CellsD288,36
T.CellsD291,22
T.CellsD292,57
T.CellsD294,29
T.CellsD306,43
T.CellsD311,1
T.CellsD312,27
T.CellsD314,35
T.CellsD315,2
T.CellsD320,37
T.CellsD332,31
T.CellsD335,7
T.CellsD339,41
T.CellsD347,37
T.CellsD355,39
T.CellsD356,31
T.CellsD357,16
T.CellsD366,41
T.CellsD369,26
T.CellsD370,27
T.CellsD371,7
T.CellsD376,6
T.CellsD381,15
T.CellsUCSDX10,2
T.CellsUCSDX11,27
T.CellsUCSDX13,53
T.CellsUCSDX14,27
T.CellsUCSDX15,37
T.CellsUCSDX16,6
T.CellsUCSDX18,20
T.CellsUCSDX19,46
T.CellsUCSDX2,43
T.CellsUCSDX20,1
T.CellsUCSDX21,29
T.CellsUCSDX23,11
T.CellsUCSDX24,25
T.CellsUCSDX25,61
T.CellsUCSDX28,52
T.CellsUCSDX29,44
T.CellsUCSDX3,11
T.CellsUCSDX30,60
T.CellsUCSDX31,30
T.CellsUCSDX33,52
T.CellsUCSDX35,29
T.CellsUCSDX36,39
T.CellsUCSDX37,20
T.CellsUCSDX38,57
T.CellsUCSDX39,30
T.CellsUCSDX4,38
T.CellsUCSDX40,272
T.CellsUCSDX41,41
T.CellsUCSDX42,62
T.CellsUCSDX43,37
T.CellsUCSDX44,55
T.CellsUCSDX47,1
T.CellsUCSDX50,48
T.CellsUCSDX51,47
T.CellsUCSDX52,4
T.CellsUCSDX53,39
T.CellsUCSDX58,26
T.CellsUCSDX59,35
T.CellsUCSDX6,29
T.CellsUCSDX61,35
T.CellsUCSDX62,17
T.CellsUCSDX63,38
T.CellsUCSDX64,39
T.CellsUCSDX69,41
T.CellsUCSDX7,42
T.CellsUCSDX72,22
T.CellsUCSDX76,39
T.CellsUCSDX77,30
T.CellsUCSDX78,27
T.CellsUCSDX8,12
T.CellsUCSDX9,31
VSMCD042,18
VSMCD122,3
VSMCD123,7
VSMCD176,24
VSMCD231,23
VSMCD239,1
VSMCD260,3
VSMCD265,3
VSMCD266,38
VSMCD271,1
VSMCD283,3
VSMCD288,2
VSMCD292,2
VSMCD294,3
VSMCD306,63
VSMCD312,54
VSMCD314,2
VSMCD320,14
VSMCD339,20
VSMCD347,1
VSMCD355,48
VSMCD356,1
VSMCD357,2
VSMCD366,3
VSMCD369,9
VSMCD370,27
VSMCD376,3
VSMCD381,4
VSMCUCSDX11,8
VSMCUCSDX13,15
VSMCUCSDX15,30
VSMCUCSDX16,12
VSMCUCSDX18,68
VSMCUCSDX19,20
VSMCUCSDX2,1
VSMCUCSDX21,1
VSMCUCSDX23,13
VSMCUCSDX24,3
VSMCUCSDX25,1
VSMCUCSDX28,2
VSMCUCSDX29,26
VSMCUCSDX30,12
VSMCUCSDX31,24
VSMCUCSDX33,8
VSMCUCSDX35,1
VSMCUCSDX36,5
VSMCUCSDX37,1
VSMCUCSDX38,25
VSMCUCSDX39,5
VSMCUCSDX4,5
VSMCUCSDX40,5
VSMCUCSDX41,1
VSMCUCSDX42,26
VSMCUCSDX43,19
VSMCUCSDX44,8
VSMCUCSDX50,3
VSMCUCSDX51,8
VSMCUCSDX53,12
VSMCUCSDX58,1
VSMCUCSDX59,30
VSMCUCSDX6,5
VSMCUCSDX61,82
VSMCUCSDX62,22
VSMCUCSDX63,24
VSMCUCSDX64,41
VSMCUCSDX69,44
VSMCUCSDX7,12
VSMCUCSDX72,31
VSMCUCSDX76,83
VSMCUCSDX77,13
VSMCUCSDX78,61
VSMCUCSDX9,1

